{"cameraMode":{"drawMode":0,"name":"Shaded","section":"Shading Mode"},"sceneLighting":false,"audioPlay":false,"sceneViewState":{"m_AlwaysRefresh":false,"showFog":true,"showSkybox":false,"showFlares":true,"showImageEffects":true,"showParticleSystems":true,"showVisualEffectGraphs":true,"m_FxEnabled":true},"in2DMode":false,"pivot":{"x":0.35092663764953616,"y":0.09614574164152146,"z":0.2503844201564789},"rotation":{"x":0.13305023312568665,"y":-0.7229599952697754,"z":0.14530903100967408,"w":0.6622583270072937},"size":0.156693235039711,"orthographic":false}