{"cameraMode":{"drawMode":0,"name":"Shaded","section":"Shading Mode"},"sceneLighting":false,"audioPlay":false,"sceneViewState":{"m_AlwaysRefresh":false,"showFog":true,"showSkybox":false,"showFlares":true,"showImageEffects":true,"showParticleSystems":true,"showVisualEffectGraphs":true,"m_FxEnabled":true},"in2DMode":false,"pivot":{"x":-0.05410052090883255,"y":-0.0010050309356302024,"z":0.09362304955720902},"rotation":{"x":0.03953174874186516,"y":-0.9148256182670593,"z":0.09255492687225342,"w":0.3912118077278137},"size":0.156693235039711,"orthographic":false}