{"cameraMode":{"drawMode":0,"name":"Shaded","section":"Shading Mode"},"sceneLighting":false,"audioPlay":false,"sceneViewState":{"m_AlwaysRefresh":false,"showFog":true,"showSkybox":false,"showFlares":true,"showImageEffects":true,"showParticleSystems":true,"showVisualEffectGraphs":true,"m_FxEnabled":true},"in2DMode":false,"pivot":{"x":0.019448960199952127,"y":0.10840126872062683,"z":0.21327757835388184},"rotation":{"x":-0.03382519260048866,"y":0.961851954460144,"z":-0.138856902718544,"w":-0.2335270196199417},"size":0.08798354864120484,"orthographic":false}