{"cameraMode":{"drawMode":0,"name":"Shaded","section":"Shading Mode"},"sceneLighting":false,"audioPlay":false,"sceneViewState":{"m_AlwaysRefresh":false,"showFog":true,"showSkybox":false,"showFlares":true,"showImageEffects":true,"showParticleSystems":true,"showVisualEffectGraphs":true,"m_FxEnabled":true},"in2DMode":false,"pivot":{"x":-0.009025141596794129,"y":0.0035262331366539,"z":-0.16676738858222962},"rotation":{"x":0.034119557589292529,"y":-0.9071626663208008,"z":0.07501161098480225,"w":0.41264379024505618},"size":0.1597701609134674,"orthographic":false}