{"cameraMode":{"drawMode":0,"name":"Shaded","section":"Shading Mode"},"sceneLighting":false,"audioPlay":false,"sceneViewState":{"m_AlwaysRefresh":false,"showFog":true,"showSkybox":false,"showFlares":true,"showImageEffects":true,"showParticleSystems":true,"showVisualEffectGraphs":true,"m_FxEnabled":true},"in2DMode":false,"pivot":{"x":0.021332737058401109,"y":0.061518266797065738,"z":0.1079888865351677},"rotation":{"x":-0.029694689437747,"y":0.9689943790435791,"z":-0.1443473845720291,"w":-0.19862575829029084},"size":0.08798354864120484,"orthographic":false}