{"cameraMode":{"drawMode":0,"name":"Shaded","section":"Shading Mode"},"sceneLighting":false,"audioPlay":false,"sceneViewState":{"m_AlwaysRefresh":false,"showFog":true,"showSkybox":false,"showFlares":true,"showImageEffects":true,"showParticleSystems":true,"showVisualEffectGraphs":true,"m_FxEnabled":true},"in2DMode":false,"pivot":{"x":0.05777626857161522,"y":0.2077500969171524,"z":0.3215726912021637},"rotation":{"x":-0.04646972566843033,"y":0.9106992483139038,"z":-0.10644274950027466,"w":-0.39655807614326479},"size":0.08798354864120484,"orthographic":false}