{"cameraMode":{"drawMode":0,"name":"Shaded","section":"Shading Mode"},"sceneLighting":false,"audioPlay":false,"sceneViewState":{"m_AlwaysRefresh":false,"showFog":true,"showSkybox":false,"showFlares":true,"showImageEffects":true,"showParticleSystems":true,"showVisualEffectGraphs":true,"m_FxEnabled":true},"in2DMode":false,"pivot":{"x":-0.00019538402557373047,"y":0.5275521278381348,"z":0.004228994250297546},"rotation":{"x":0.09144899994134903,"y":-0.8701182007789612,"z":0.17686550319194795,"w":0.4513927102088928},"size":0.6057286858558655,"orthographic":false}