{"cameraMode":{"drawMode":0,"name":"Shaded","section":"Shading Mode"},"sceneLighting":false,"audioPlay":false,"sceneViewState":{"m_AlwaysRefresh":false,"showFog":true,"showSkybox":false,"showFlares":true,"showImageEffects":true,"showParticleSystems":true,"showVisualEffectGraphs":true,"m_FxEnabled":true},"in2DMode":false,"pivot":{"x":-0.02442547120153904,"y":-0.014154607430100441,"z":0.3491757810115814},"rotation":{"x":-0.03064601868391037,"y":0.9665430188179016,"z":-0.13867230713367463,"w":-0.21360202133655549},"size":0.5249695181846619,"orthographic":true}