{"cameraMode":{"drawMode":0,"name":"Shaded","section":"Shading Mode"},"sceneLighting":false,"audioPlay":false,"sceneViewState":{"m_AlwaysRefresh":false,"showFog":true,"showSkybox":false,"showFlares":true,"showImageEffects":true,"showParticleSystems":true,"showVisualEffectGraphs":true,"m_FxEnabled":true},"in2DMode":false,"pivot":{"x":-0.9596238732337952,"y":-0.3565429151058197,"z":-1.9223796129226685},"rotation":{"x":0.006124068517237902,"y":0.9849143624305725,"z":-0.17040610313415528,"w":0.03711147606372833},"size":3.7581350803375246,"orthographic":false}