{"cameraMode":{"drawMode":0,"name":"Shaded","section":"Shading Mode"},"sceneLighting":false,"audioPlay":false,"sceneViewState":{"m_AlwaysRefresh":false,"showFog":true,"showSkybox":false,"showFlares":true,"showImageEffects":true,"showParticleSystems":true,"showVisualEffectGraphs":true,"m_FxEnabled":true},"in2DMode":false,"pivot":{"x":-0.08312925696372986,"y":-0.016094310209155084,"z":-0.028609799221158029},"rotation":{"x":0.06592634320259094,"y":-0.9079975485801697,"z":0.15623655915260316,"w":0.3831413686275482},"size":0.2726404368877411,"orthographic":false}