{"cameraMode":{"drawMode":0,"name":"Shaded","section":"Shading Mode"},"sceneLighting":false,"audioPlay":false,"sceneViewState":{"m_AlwaysRefresh":false,"showFog":true,"showSkybox":false,"showFlares":true,"showImageEffects":true,"showParticleSystems":true,"showVisualEffectGraphs":true,"m_FxEnabled":true},"in2DMode":false,"pivot":{"x":-0.17572663724422456,"y":0.018822237849235536,"z":0.0014584113378077746},"rotation":{"x":0.0002767221594695002,"y":-0.9980563521385193,"z":0.004491410683840513,"w":0.062358565628528598},"size":0.21968159079551698,"orthographic":false}