{"cameraMode":{"drawMode":0,"name":"Shaded","section":"Shading Mode"},"sceneLighting":false,"audioPlay":false,"sceneViewState":{"m_AlwaysRefresh":false,"showFog":true,"showSkybox":false,"showFlares":true,"showImageEffects":true,"showParticleSystems":true,"showVisualEffectGraphs":true,"m_FxEnabled":true},"in2DMode":false,"pivot":{"x":-0.01959040015935898,"y":-0.034140463918447497,"z":-0.23099303245544434},"rotation":{"x":0.03693534806370735,"y":-0.9323776960372925,"z":0.09967648983001709,"w":0.3455301523208618},"size":0.21968159079551698,"orthographic":false}