{"cameraMode":{"drawMode":0,"name":"Shaded","section":"Shading Mode"},"sceneLighting":false,"audioPlay":false,"sceneViewState":{"m_AlwaysRefresh":false,"showFog":true,"showSkybox":false,"showFlares":true,"showImageEffects":true,"showParticleSystems":true,"showVisualEffectGraphs":true,"m_FxEnabled":true},"in2DMode":false,"pivot":{"x":0.3319385349750519,"y":0.039035744965076449,"z":0.1926184743642807},"rotation":{"x":0.059177231043577197,"y":-0.8153194785118103,"z":0.08468843996524811,"w":0.5697196125984192},"size":0.12932883203029633,"orthographic":false}