{"cameraMode":{"drawMode":0,"name":"Shaded","section":"Shading Mode"},"sceneLighting":false,"audioPlay":false,"sceneViewState":{"m_AlwaysRefresh":false,"showFog":true,"showSkybox":false,"showFlares":true,"showImageEffects":true,"showParticleSystems":true,"showVisualEffectGraphs":true,"m_FxEnabled":true},"in2DMode":false,"pivot":{"x":0.10639210045337677,"y":-0.004837564658373594,"z":0.2691586911678314},"rotation":{"x":0.022877162322402,"y":-0.9710461497306824,"z":0.10380886495113373,"w":0.2139858454465866},"size":0.12932883203029633,"orthographic":false}