{"cameraMode":{"drawMode":0,"name":"Shaded","section":"Shading Mode"},"sceneLighting":false,"audioPlay":false,"sceneViewState":{"m_AlwaysRefresh":false,"showFog":true,"showSkybox":false,"showFlares":true,"showImageEffects":true,"showParticleSystems":true,"showVisualEffectGraphs":true,"m_FxEnabled":true},"in2DMode":false,"pivot":{"x":0.06034702807664871,"y":-0.027011586353182794,"z":0.0663662701845169},"rotation":{"x":-0.14267025887966157,"y":0.750084400177002,"z":-0.17192307114601136,"w":-0.6224839687347412},"size":0.25298425555229189,"orthographic":false}