{"cameraMode":{"drawMode":0,"name":"Shaded","section":"Shading Mode"},"sceneLighting":false,"audioPlay":false,"sceneViewState":{"m_AlwaysRefresh":false,"showFog":true,"showSkybox":false,"showFlares":true,"showImageEffects":true,"showParticleSystems":true,"showVisualEffectGraphs":true,"m_FxEnabled":true},"in2DMode":false,"pivot":{"x":-0.1563003957271576,"y":-0.2273932546377182,"z":-0.4576893746852875},"rotation":{"x":0.0313526950776577,"y":-0.9559856653213501,"z":0.11122114211320877,"w":0.26983481645584109},"size":0.45669326186180117,"orthographic":false}