{"cameraMode":{"drawMode":0,"name":"Shaded","section":"Shading Mode"},"sceneLighting":false,"audioPlay":false,"sceneViewState":{"m_AlwaysRefresh":false,"showFog":true,"showSkybox":false,"showFlares":true,"showImageEffects":true,"showParticleSystems":true,"showVisualEffectGraphs":true,"m_FxEnabled":true},"in2DMode":false,"pivot":{"x":0.5484842658042908,"y":0.5434961915016174,"z":0.13244841992855073},"rotation":{"x":0.20394016802310944,"y":0.4816405773162842,"z":-0.1163361519575119,"w":0.8443363904953003},"size":0.8593167662620544,"orthographic":false}