{"cameraMode":{"drawMode":0,"name":"Shaded","section":"Shading Mode"},"sceneLighting":false,"audioPlay":false,"sceneViewState":{"m_AlwaysRefresh":false,"showFog":true,"showSkybox":false,"showFlares":true,"showImageEffects":true,"showParticleSystems":true,"showVisualEffectGraphs":true,"m_FxEnabled":true},"in2DMode":false,"pivot":{"x":0.1337977945804596,"y":0.01362750492990017,"z":-0.008978298865258694},"rotation":{"x":0.08982183784246445,"y":-0.7776175737380981,"z":0.11421039700508118,"w":0.6117804050445557},"size":0.14330673217773438,"orthographic":false}