{"cameraMode":{"drawMode":0,"name":"Shaded","section":"Shading Mode"},"sceneLighting":false,"audioPlay":false,"sceneViewState":{"m_AlwaysRefresh":false,"showFog":true,"showSkybox":false,"showFlares":true,"showImageEffects":true,"showParticleSystems":true,"showVisualEffectGraphs":true,"m_FxEnabled":true},"in2DMode":false,"pivot":{"x":0.22262084484100343,"y":0.15283693373203278,"z":0.17065316438674928},"rotation":{"x":0.09875855594873429,"y":-0.8077847957611084,"z":0.1414780467748642,"w":0.563723623752594},"size":0.08660253882408142,"orthographic":false}