{"cameraMode":{"drawMode":0,"name":"Shaded","section":"Shading Mode"},"sceneLighting":false,"audioPlay":false,"sceneViewState":{"m_AlwaysRefresh":false,"showFog":true,"showSkybox":false,"showFlares":true,"showImageEffects":true,"showParticleSystems":true,"showVisualEffectGraphs":true,"m_FxEnabled":true},"in2DMode":false,"pivot":{"x":-0.17578265070915223,"y":0.031975772231817248,"z":0.20672091841697694},"rotation":{"x":0.06116669625043869,"y":-0.8052130937576294,"z":0.08436863124370575,"w":0.5837643146514893},"size":0.21228446066379548,"orthographic":false}