{"cameraMode":{"drawMode":0,"name":"Shaded","section":"Shading Mode"},"sceneLighting":false,"audioPlay":false,"sceneViewState":{"m_AlwaysRefresh":false,"showFog":true,"showSkybox":false,"showFlares":true,"showImageEffects":true,"showParticleSystems":true,"showVisualEffectGraphs":true,"m_FxEnabled":true},"in2DMode":false,"pivot":{"x":-0.9896266460418701,"y":0.3178941011428833,"z":-12.002427101135254},"rotation":{"x":0.10367544740438461,"y":-0.8586456179618836,"z":0.19191841781139375,"w":0.46384942531585696},"size":0.4244432747364044,"orthographic":false}