{"cameraMode":{"drawMode":0,"name":"Shaded","section":"Shading Mode"},"sceneLighting":false,"audioPlay":false,"sceneViewState":{"m_AlwaysRefresh":false,"showFog":true,"showSkybox":false,"showFlares":true,"showImageEffects":true,"showParticleSystems":true,"showVisualEffectGraphs":true,"m_FxEnabled":true},"in2DMode":false,"pivot":{"x":-0.0002930760383605957,"y":1.0551042556762696,"z":0.006343483924865723},"rotation":{"x":0.09144899994134903,"y":-0.8701182007789612,"z":0.17686550319194795,"w":0.4513927102088928},"size":1.145228385925293,"orthographic":false}